0.200000,0.400000,0.200000,0.002000,0.100000,0.030000,0.000378
1.016451,0.146519,0.879438,0.718256,1.087954,-0.695877,0.000124
-0.195465,1.043751,-0.333341,0.131528,0.045753,0.339290,0.000360
-0.124517,0.432162,1.285351,1.000868,0.425708,0.551513,0.000218
-0.660154,0.656725,-0.960879,-0.615072,-0.770644,0.760024,0.000324
-0.623970,0.162267,-0.688503,-0.936859,1.297419,-0.646183,0.000048
0.231038,1.213869,0.470336,-0.487524,0.430125,0.088289,0.000125
0.035639,0.548773,0.372387,0.483657,-0.241723,0.431281,0.000179
-0.251426,-0.186997,1.394423,-0.067332,0.134548,0.199230,0.000170
0.218758,0.394562,-0.058195,-0.216100,-0.046330,0.265627,0.000322
-0.460128,0.024949,2.113056,0.741490,-0.895350,0.324284,0.000154
-0.665891,0.628746,1.139857,-1.106331,-0.868286,0.321332,0.000135
0.184366,0.167447,0.131210,-0.023196,0.261879,-0.078735,0.000124
-0.253191,0.483056,-0.203190,-0.897949,-0.153425,-0.059818,0.000040
0.957972,-0.005946,-1.769978,0.049678,0.068755,-0.523467,0.000048
0.381049,0.382812,-0.365519,-0.554682,-0.078270,-0.385399,0.000048
0.399501,0.176380,0.610378,-0.636646,0.674441,-0.427172,0.000131
1.151613,0.270324,0.011224,-0.237682,-0.340700,0.280060,0.000202
0.192585,-0.094418,0.050820,0.288795,-0.198430,0.106279,0.000236
0.055469,0.238267,0.305504,-0.030236,0.713388,-0.190937,0.000125
0.743598,1.026521,-0.595984,0.074793,0.102386,0.100407,0.000464
0.093098,0.393617,0.567486,0.532413,0.125296,0.783865,0.000230
0.331161,0.628130,-1.241751,0.911372,0.392222,0.348729,0.000337
-0.045983,0.517856,-0.260336,0.492830,1.171892,-0.401163,0.000048
0.209188,0.603410,0.261147,-0.152395,0.457910,0.156238,0.000208
0.551653,0.704350,-1.138001,0.679640,-0.792880,0.144778,0.000358
-0.101305,1.321581,0.223902,-0.004363,0.121189,0.461897,0.000303
1.227468,0.743573,-1.129483,0.523653,0.174093,0.420745,0.000325
0.495457,0.834754,-1.227453,-0.554907,-0.548766,0.174532,0.000358
-0.553906,1.269552,-0.229867,-0.521339,1.013412,0.750891,0.000325
0.206567,0.631926,0.328342,-0.121015,0.178272,0.159721,0.000197
0.827216,0.847893,-1.046176,-0.319663,0.013991,0.197489,0.000387
0.299424,0.169767,-0.327564,-0.004306,0.125646,-0.135588,0.000054
0.699942,0.550014,-0.260780,-0.572323,0.100485,-0.496947,0.000048
0.639086,0.775548,0.119932,-0.462856,0.838609,-0.047377,0.000124
0.743548,1.131346,0.133226,-0.531135,-0.472589,0.042448,0.000141
0.193041,-0.033711,-0.015282,0.146254,-0.091561,-0.195407,0.000047
0.885072,1.077174,-0.343824,-0.384511,0.503928,0.095973,0.000459
0.583451,0.940117,-0.653023,0.047315,0.053846,-0.295524,0.000048
-0.207089,0.536381,0.951162,-0.397816,0.058084,0.133660,0.000169
0.526390,0.362142,-0.288464,0.805452,-0.517978,0.059310,0.000464
0.501175,-0.267049,-1.012716,0.854156,0.314552,-0.310476,0.000048
1.203942,0.860497,-0.363074,-0.729005,0.221272,0.258359,0.000351
0.737113,1.199715,0.060963,0.052557,0.384263,0.039407,0.000305
0.880134,1.127532,-0.004214,0.048763,0.072296,0.089527,0.000462
1.261520,0.807200,-2.118155,-0.175963,0.139281,0.451257,0.000318
0.859960,0.729117,-1.056646,0.179775,-0.380275,0.167439,0.000407
0.455293,1.367110,1.250762,0.658180,0.126812,0.305558,0.000183
-0.333213,1.265767,0.081123,-0.212931,0.496617,-0.065681,0.000138
0.718551,1.023112,-0.260055,-0.223991,0.138195,0.080553,0.000479
0.574199,0.735849,0.751595,0.008863,0.188469,0.270990,0.000493
0.283499,0.872870,-2.347903,0.454716,0.062170,0.049387,0.000303
0.400092,0.684618,0.438379,-0.024569,-0.147753,0.073285,0.000165
0.494296,0.506599,1.827692,-0.822222,-0.039837,0.307719,0.000135
0.373984,0.642385,-0.369766,0.274643,0.640600,0.139220,0.000366
0.419295,0.616358,0.886337,-0.237346,0.055580,0.124348,0.000132
-0.210573,0.042794,0.859848,-0.019167,0.224720,0.354110,0.000177
-0.228816,0.644055,0.876148,-0.815416,0.253851,-0.096032,0.000148
0.331239,0.329698,0.729960,0.765805,-0.396865,0.259934,0.000195
0.203593,-0.048956,0.379373,-0.538895,0.344900,0.043006,0.000123
0.783024,0.742464,-0.196181,-0.284448,-0.798290,0.113562,0.000368
0.817772,0.637088,1.267640,0.079478,0.312045,0.282705,0.000323
0.153988,-0.295120,0.280674,0.010418,0.060440,0.275541,0.000311
0.404342,0.064021,2.635434,0.593117,0.214549,0.157294,0.000197
0.843668,0.172867,-0.241771,-0.097665,0.352384,-0.005587,0.000048
0.204583,0.493969,-0.551135,0.845856,0.172824,0.244074,0.000338
0.540907,0.733658,0.384810,-0.260167,-0.807648,0.031714,0.000121
0.605123,1.140855,-1.091430,-0.053212,0.168645,0.350184,0.000353
0.727774,0.658131,0.153503,0.017212,0.030741,-0.155534,0.000061
0.695633,1.492850,3.207960,0.608129,-0.027317,0.346079,0.000181
0.368578,0.740798,0.246079,1.096030,-0.694597,-0.061406,0.000181
0.484092,1.131202,2.332736,-0.592371,0.013949,0.180771,0.000120
-0.051961,0.571095,0.496381,-0.086635,2.110334,0.047096,0.000116
0.542007,1.151092,-0.712708,-0.165321,0.080101,0.190710,0.000402
-0.155421,1.100081,0.808205,-0.000380,0.312715,0.597706,0.000322
0.096950,0.124674,-4.847844,0.180513,0.126186,0.292170,0.000321
0.379100,0.590184,1.069607,1.232627,0.285952,0.245223,0.000200
0.476849,0.582666,-1.149207,0.403735,0.162524,0.095102,0.000482
0.605060,0.484481,-0.607331,0.050735,-0.118212,0.058652,0.000496
0.618729,0.005259,0.248317,-0.233841,-0.168925,-0.157336,0.000138
0.323816,0.039531,0.140432,0.008949,0.298876,0.326422,0.000223
0.185695,0.145872,2.106223,-0.490019,0.190675,0.110825,0.000128
0.762952,0.582280,0.746289,-0.168505,0.312110,0.435838,0.000150
0.725501,0.197720,-2.849039,0.398627,-0.189752,0.033470,0.000393
1.022741,1.474973,-0.665929,-0.307835,-1.252427,0.088903,0.000421
0.786980,1.354349,0.713256,0.254700,-0.251433,-0.183744,0.000129
0.846927,-0.161543,0.294468,0.002831,0.085744,-0.324122,0.000048
0.988892,0.853799,2.390988,0.112890,0.062128,0.266171,0.000190
0.520038,0.513536,-0.500614,-0.540617,-0.778745,-0.025622,0.000035
0.431297,0.801659,1.037633,-0.028865,0.110186,0.047711,0.000142
0.406500,1.633440,-0.370946,-0.267206,-1.049997,0.049963,0.000287
0.563845,0.934707,-1.740416,-0.453994,0.059983,0.284158,0.000388
0.893078,1.497012,0.798728,0.007986,0.064567,-0.374255,0.000059
0.782118,0.297814,-1.064921,0.281077,0.198395,0.357142,0.000319
0.457301,0.712903,0.544960,1.695506,-0.680440,-0.049116,0.000171
0.376142,1.041771,1.391488,-0.040369,0.312339,0.060676,0.000146
0.663791,0.223506,-0.180011,0.400551,0.501576,0.068623,0.000482
0.496784,0.056293,-0.713712,-0.499794,0.153654,0.177150,0.000330
-0.351526,-0.421644,-0.138942,0.007815,0.202463,1.015702,0.000325
-0.570010,0.170918,0.443335,0.036608,0.114965,-0.266528,0.000062
0.560471,0.348414,0.180263,-0.016628,0.922864,0.071355,0.000117
0.923059,0.349656,-0.429991,0.001238,-0.314631,0.080291,0.000434
0.794124,0.916534,-0.430319,0.580783,-0.164523,0.082489,0.000470
0.871941,1.515855,0.957394,0.560358,0.119721,0.076219,0.000173
-0.493565,-0.896964,0.776403,0.002378,0.188634,0.252078,0.000268
-0.186091,1.375847,1.796698,-0.137951,0.075949,-0.228798,0.000227
0.620651,0.917604,0.599845,-0.777614,-1.027216,0.308203,0.000135
0.257838,-0.006576,-2.721701,0.696321,0.244321,0.106281,0.000369
0.586762,1.146479,-0.279598,-0.110726,-0.353797,0.084204,0.000481
0.927431,-0.354870,-1.193041,0.069587,-0.057086,0.002637,0.000164
1.622339,1.490295,1.206121,0.008074,0.172555,-0.199209,0.000056
1.243324,1.721497,-0.002518,0.075558,0.134515,0.334834,0.000316
0.517632,0.214130,0.299231,-0.756951,-0.135233,0.048752,0.000123
0.363993,1.469489,0.319873,0.246772,0.034345,0.050224,0.000200
0.675938,0.631204,-0.224144,-0.454959,0.080785,0.065265,0.000480
0.685324,1.667345,-0.555525,-0.661246,0.004351,0.113925,0.000311
0.542283,1.214341,-0.671822,0.008078,0.117963,0.708174,0.000348
0.190067,-0.722984,0.385825,0.034216,0.204200,0.557858,0.000240
0.567198,0.435545,-0.055464,2.440239,0.374132,0.044911,0.000360
0.897589,-0.155662,-1.651795,-0.054130,-0.101500,0.025537,0.000382
0.724096,0.487259,-0.663705,0.110965,0.173178,0.045059,0.000457
0.538396,0.874905,-0.012298,-0.505865,0.123348,0.067547,0.000489
-0.487230,0.023942,1.143713,-0.000095,0.160644,0.965176,0.000322
0.146151,-0.515163,0.454429,-0.044518,0.113054,-0.429671,0.000073
0.541823,1.004137,0.052698,-1.499472,-1.041324,0.318503,0.000133
0.154592,-0.108969,-1.034214,0.321213,-0.082397,0.119421,0.000320
0.686510,1.280780,-0.503997,0.322597,0.120908,0.100317,0.000468
0.534283,0.178353,-0.064713,0.398778,0.071826,0.027307,0.000371
1.345484,-0.446513,0.185352,0.002480,0.209804,0.141548,0.000193
0.544795,1.879787,0.821101,0.040708,0.158438,-0.231701,0.000062
0.525063,1.052187,0.383951,-0.386866,1.298253,0.412936,0.000140
0.429410,1.003131,0.062574,0.592663,0.067478,0.028058,0.000225
0.587401,0.566595,-0.045756,-0.172419,-0.272283,0.107560,0.000377
0.534040,0.016201,-0.175244,-0.698762,-0.289085,0.071753,0.000387
-0.763718,2.092896,0.132096,0.006244,0.038547,-0.379344,0.000050
0.378101,0.278322,-0.116757,0.044119,0.120207,0.814093,0.000325
0.600623,0.250234,-0.058252,1.259364,0.981079,0.145323,0.000357
0.791889,0.644781,0.115645,-0.394049,0.058517,0.072666,0.000179
0.771400,0.118435,-0.511263,-0.080451,-0.136845,-0.006438,0.000044
0.661547,1.476961,-0.563511,0.251849,-0.378430,0.091114,0.000475
0.860284,1.739762,0.423267,0.007035,0.062531,0.790539,0.000235
0.294209,-0.047077,-0.591413,-0.002105,0.072284,-0.569927,0.000048
0.468475,0.833205,-0.209373,0.446200,0.454040,0.015603,0.000287
0.461431,0.111166,-0.632682,0.530714,-0.053142,0.087355,0.000472
0.503581,1.394210,-0.591510,-0.039283,0.330633,0.177339,0.000363
0.462334,-0.140959,0.033112,0.527795,0.583177,0.057985,0.000354
0.997130,0.414888,0.532459,0.004915,0.223209,0.754429,0.000355
0.545307,0.884406,1.945284,-0.018273,0.139980,-0.754725,0.000067
0.466280,0.489288,0.797162,0.038813,-0.579762,0.245222,0.000238
0.418003,0.659766,-1.701924,0.417303,0.118721,0.084285,0.000464
0.784813,0.482137,-0.187017,-0.097777,-0.533358,0.256754,0.000334
0.554495,0.166221,-0.581277,0.638285,-0.202146,0.042053,0.000453
-0.665775,-0.137854,0.373979,0.004916,0.210866,-0.749578,0.000043
0.739610,0.337245,-1.267071,-0.024342,0.173365,1.870117,0.000337
0.595140,0.178174,0.514431,-0.035475,-0.307939,0.138235,0.000107
0.575386,0.656144,0.124906,-0.237253,-0.140459,0.079118,0.000122
0.554269,0.289192,-0.169920,-0.101885,-0.353851,-0.206538,0.000048
0.656747,0.550240,-0.921951,0.105708,-0.471355,0.069121,0.000450
1.812715,1.625177,0.531976,0.009830,0.098230,0.643388,0.000323
0.423217,0.855684,-2.476503,0.049642,0.108760,-0.282665,0.000048
0.525502,0.459609,-0.671097,0.315743,-0.194003,0.260911,0.000325
0.551951,0.602062,-0.391011,0.568948,-0.246177,0.096276,0.000348
0.725507,1.538160,-1.023096,-0.187219,0.326060,0.343676,0.000317
0.525335,0.787412,-0.409720,-1.308866,0.211659,0.077419,0.000481
1.550472,1.659233,0.727054,0.001198,0.046819,1.103830,0.000282
0.346307,0.344788,2.738215,-0.025319,0.194421,-0.768825,0.000056
0.539118,1.077645,-0.526650,0.128518,-0.193763,0.297564,0.000370
0.518202,0.391471,-1.942799,0.740818,0.638291,0.103831,0.000470
0.709904,0.036721,-0.251840,0.097097,0.611215,-0.105908,0.000064
0.569752,0.639020,-0.309622,0.789733,0.269817,0.072199,0.000482
-2.424791,-0.133074,0.520695,0.005340,0.075150,-0.680827,0.000049
0.166455,0.164370,0.365987,0.014249,0.111696,0.835236,0.000243
0.601168,0.364250,1.614607,0.839024,0.074918,0.068511,0.000146
0.490956,0.440756,0.126655,-0.477197,0.717127,0.050933,0.000139
0.683633,0.726496,0.115729,-0.073285,0.664800,-0.197523,0.000151
0.609653,0.541023,-0.227737,-0.182729,-0.014778,0.052811,0.000496
2.551451,0.471802,0.300829,0.006828,0.151152,-0.369741,0.000052
0.197883,1.306707,-0.473562,0.023604,0.121832,0.541924,0.000327
0.583767,0.083755,1.633515,0.990198,-0.293153,-0.008831,0.000145
0.634235,0.746694,0.060820,-0.193353,-0.279192,0.101339,0.000196
0.652694,1.332902,-1.114567,-0.336043,-0.600937,0.493460,0.000343
0.627812,0.402328,-0.738333,-0.593039,-0.339525,0.049759,0.000451
4.017435,1.323557,0.037829,-0.224052,-0.057344,0.385773,0.000156
0.812402,0.387080,0.393607,-0.343533,0.101089,-0.886418,0.000178
0.508289,0.147161,-1.733107,-0.023380,-0.560342,0.139828,0.000328
0.621241,0.554681,-0.779360,1.048413,-0.282471,0.040054,0.000375
0.651414,0.311737,-0.662422,0.188080,0.630193,-0.358434,0.000048
0.594421,0.481104,-0.761042,-0.197660,-0.105325,0.063700,0.000497
-0.891710,-0.520477,0.732427,0.051034,0.132439,0.601312,0.000253
-0.118538,0.059678,0.751237,0.144442,-0.118621,0.434589,0.000271
0.555237,0.852299,-0.441899,0.118947,-0.272956,0.093502,0.000477
0.500548,0.432005,-0.554757,-0.319860,0.304337,0.022628,0.000340
0.689936,-0.012734,0.393593,-0.294686,0.774520,0.244138,0.000148
0.593228,0.531243,-0.727517,0.317440,0.023914,0.067832,0.000499
-1.477139,1.781038,-1.147994,-0.026734,-0.136532,-0.649077,0.000048
0.339480,0.429054,0.304240,0.350445,0.163548,0.661217,0.000272
0.637304,1.067073,0.231589,-0.115049,0.052179,0.037313,0.000141
0.541215,0.694161,-1.260130,-0.114153,0.194326,0.103493,0.000472
0.547291,0.399066,-2.294483,-0.071837,-0.470052,0.277655,0.000332
0.614670,0.472889,-0.604523,0.291592,0.011066,0.058210,0.000498
5.007305,1.930777,-0.867761,0.391709,0.081636,1.380579,0.000321
0.574871,0.683676,-2.087527,0.386194,0.160154,-0.691190,0.000048
0.554201,0.022478,-0.653450,0.229093,0.115110,0.120526,0.000348
0.490175,0.822433,-0.594734,1.136377,-0.090334,0.077409,0.000490
0.589155,0.912296,1.448528,0.660479,-0.494959,-0.108862,0.000155
0.576366,0.446241,-0.549512,0.287593,-0.120018,0.055120,0.000491
-3.415083,-0.276307,1.251918,0.141444,0.249447,0.506383,0.000254
0.557869,0.260076,1.341870,-0.481394,0.053644,1.132851,0.000143
0.542769,1.060630,-0.908863,0.492363,-0.569539,0.116322,0.000351
0.624527,0.699350,-0.215520,1.053244,-0.139545,0.054425,0.000486
0.641284,0.673527,-0.943381,0.323691,0.081162,-0.073818,0.000034
0.593380,0.518872,-0.654135,0.207657,-0.168264,0.069781,0.000477
0.409873,0.648990,-0.945912,-0.045886,-0.137629,-0.679918,0.000048
0.463535,0.548691,2.719938,-0.353916,-0.032206,-0.894960,0.000191
0.555188,1.172912,-0.027285,-0.076743,-0.138858,0.079691,0.000486
0.617353,0.583066,-1.049937,-0.303905,-0.108740,0.096951,0.000361
0.600330,0.212624,-1.956408,0.099888,0.124350,0.270521,0.000338
0.608799,0.529489,-0.762284,0.104443,0.011814,0.073029,0.000498
2.848462,1.120885,-0.803961,0.391296,0.244393,-1.072532,0.000048
0.006205,0.532468,-2.781148,1.677462,0.074546,-0.660116,0.000048
0.602238,0.944935,-0.032833,-0.327218,0.307260,0.053815,0.000485
0.410404,0.842208,-0.991956,1.410337,-0.023123,0.065939,0.000322
0.578933,0.953931,-0.585635,0.020416,-0.532155,0.288520,0.000385
0.600959,0.526352,-0.555894,0.157202,0.114553,0.059878,0.000498
-4.176333,0.236755,-0.395412,0.028322,0.173124,1.136536,0.000322
0.173696,0.307911,-3.360080,0.477697,0.150491,1.018100,0.000322
0.614412,0.531601,-1.090005,0.031351,-0.107217,0.108874,0.000354
0.589915,0.492314,-0.445871,1.526378,-0.075271,0.056798,0.000492
0.604572,1.055712,-0.035546,0.025374,0.940063,0.025695,0.000348
0.587928,0.485667,-0.595336,0.096192,-0.216680,0.060326,0.000489
-5.273744,0.029740,0.433115,0.302705,-0.007336,-0.099818,0.000152
1.088625,0.455319,5.762642,-0.742240,-0.002741,0.951369,0.000115
0.546924,0.614929,-0.976361,0.351646,-0.273209,0.079329,0.000463
0.703171,0.285062,-0.486493,0.121736,-0.105794,0.063434,0.000492
0.617683,0.365318,-0.900041,0.073604,-0.214183,-0.043511,0.000038
0.589527,0.473672,-0.790077,0.270299,-0.056780,0.066813,0.000496
7.972133,0.510803,1.058327,0.017350,-0.026412,-0.175986,0.000068
0.485661,0.506251,-6.307461,-0.067819,-0.032224,-1.605159,0.000048
0.537232,1.000161,-0.201562,-0.276188,-0.146953,0.061310,0.000473
0.545932,0.465026,-0.784855,0.087839,-0.110973,0.065658,0.000492
0.564969,0.025923,-1.129473,0.540886,-0.593637,0.176819,0.000311
0.595963,0.564329,-0.616367,0.196603,0.002476,0.067555,0.000498
2.713129,1.003163,-1.994445,0.035355,0.264840,0.588382,0.000313
-0.309981,0.419052,7.732600,0.463112,0.024890,0.476992,0.000172
0.587450,0.996819,0.376419,0.733769,-0.000971,0.079738,0.000196
0.533090,0.723493,-0.863227,1.427813,0.011946,0.056583,0.000469
0.576550,0.833966,0.192850,0.134466,0.831640,0.066066,0.000171
0.606400,0.460855,-0.659515,0.052670,-0.074848,0.057359,0.000493
-0.752488,0.928990,-1.587096,0.223488,-0.014286,-0.312903,0.000048
-0.081239,0.403729,-10.212024,0.202680,0.106547,1.379102,0.000322
0.597572,1.277969,-0.564517,-0.142208,-0.016772,0.075421,0.000489
0.649646,0.635525,-0.678642,1.795812,-0.070507,0.070101,0.000496
0.632976,0.722422,-1.122613,-0.200370,-0.265328,-0.001848,0.000030
0.584644,0.495780,-0.807932,-0.007865,-0.023331,0.058053,0.000502
1.246521,-0.029173,0.492898,0.207978,-0.056747,0.076963,0.000193
0.354243,0.391399,9.232181,0.171818,0.051440,0.159034,0.000179
0.603171,1.087939,-1.320208,0.176099,0.027445,0.063105,0.000485
0.692075,0.572115,-0.625598,0.302651,-0.000628,0.077239,0.000485
0.586323,0.182688,-1.075556,0.984505,-0.531963,-0.025213,0.000040
0.611155,0.513033,-0.662187,0.018301,-0.009104,0.059584,0.000490
1.022403,0.481783,1.484924,-0.253577,0.291101,0.593267,0.000153
0.912624,0.601675,-15.563379,-0.462250,-0.027100,-0.929195,0.000048
0.573089,0.631124,0.183300,0.018288,-0.027518,0.075001,0.000331
0.576579,0.528625,-0.831424,0.410892,0.000809,0.065405,0.000500
0.565478,0.534555,-0.009523,0.177052,0.660260,0.109629,0.000473
0.594260,0.493192,-0.602460,0.020083,-0.058151,0.056497,0.000503
-0.043938,1.072136,0.110929,-0.063023,-0.318369,0.303772,0.000238
-0.534380,0.368602,-11.642430,-0.767987,0.093483,-0.347772,0.000048
0.601085,0.509884,0.127424,-0.329128,-0.047427,0.077571,0.000108
0.508858,0.474613,-0.950960,-0.351010,-0.025235,0.051640,0.000462
0.618981,0.677108,-0.209688,-0.545483,0.129517,0.075556,0.000484
0.588679,0.476278,-0.574853,0.081613,-0.141233,0.054816,0.000489
0.431448,0.947639,-0.323987,0.254227,-0.395713,-0.255475,0.000049
-0.742227,0.412836,18.079545,0.272997,0.119382,0.744358,0.000252
0.616079,0.801521,-1.661874,-0.467300,-0.058457,0.037139,0.000372
0.606695,0.514342,-0.755988,-0.124625,-0.066743,0.074344,0.000495
0.637103,0.378803,-1.341559,-0.295981,-0.821913,0.020118,0.000325
0.600606,0.489076,-0.592887,0.108586,-0.092089,0.057657,0.000492
0.937835,0.048919,0.707112,-0.151543,0.500455,0.556913,0.000175
2.134182,0.515768,4.205656,0.761526,-0.116133,0.080190,0.000169
0.579854,1.489618,0.087649,0.164661,-0.012915,0.038222,0.000414
0.591346,0.552041,-0.518957,0.475053,-0.039463,0.062958,0.000486
0.590821,0.419763,-0.256884,0.557415,0.133811,0.021078,0.000339
0.612123,0.494161,-0.635990,0.061125,-0.032190,0.059327,0.000491
0.105493,1.548785,0.517588,-0.043418,0.378634,0.425252,0.000213
0.632705,0.534374,-13.235867,-1.008552,-0.170202,-0.413363,0.000048
0.610603,1.032995,-1.105966,0.234204,-0.006966,0.078832,0.000485
0.572666,0.492152,-1.112177,0.750835,0.021896,0.052606,0.000492
0.596524,0.493238,-0.316114,0.231240,0.066056,0.080760,0.000483
0.579398,0.482640,-0.590868,-0.056155,-0.199670,0.054799,0.000460
0.472776,-0.272619,-0.182574,0.204025,-0.068841,-0.272689,0.000047
-0.432199,0.327985,-11.946413,-1.489947,0.424950,0.769123,0.000324
0.575327,-0.209982,-0.096451,-0.610177,-0.093204,0.068323,0.000390
0.564661,0.486697,-1.186936,0.156311,-0.094154,0.050584,0.000472
0.613102,0.533399,-0.455221,-0.134964,-0.463536,0.081061,0.000435
0.621870,0.481671,-0.589641,-0.062131,-0.111256,0.058641,0.000495
1.094649,1.276535,0.675765,-0.048114,-0.142725,-0.176042,0.000115
1.198707,0.528932,4.867877,1.492502,-0.151804,0.816957,0.000204
0.612186,0.223644,0.206074,-0.399408,-0.100347,0.052232,0.000124
0.579919,0.510911,-0.061254,-0.113724,-0.066750,0.063139,0.000493
0.584342,0.387186,-0.708265,-0.155663,0.140011,0.019341,0.000355
0.606752,0.506978,-0.624484,0.095007,-0.008308,0.059107,0.000490
0.232163,0.505208,0.649001,-0.058745,-0.025441,0.481004,0.000170
-0.188791,0.402438,9.293378,-0.322173,-0.273195,-0.262459,0.000145
0.608660,1.534976,-2.372969,0.231526,0.070199,0.078727,0.000486
0.595291,0.495708,-0.006862,0.398234,-0.029655,0.066688,0.000499
0.600526,0.562449,-0.707017,0.395799,0.281530,0.045565,0.000366
0.590389,0.470660,-0.571542,0.020732,-0.132836,0.055385,0.000484
-0.087008,0.154144,-0.602414,0.174231,0.067483,-0.166231,0.000048
0.294060,0.355832,7.188139,-0.980251,0.192007,-0.368594,0.000141
0.596509,0.856462,2.320642,0.179055,0.086612,0.072802,0.000164
0.572127,0.508244,-1.827980,-0.014998,-0.056670,0.062673,0.000500
0.615007,0.489786,-0.516528,0.008794,0.053033,0.082274,0.000480
0.604602,0.454369,-0.563121,0.029027,-0.180841,0.055593,0.000475
0.690980,0.290033,-0.308755,-0.017582,0.169917,0.350109,0.000324
0.945189,0.585041,-10.635259,0.350774,0.041826,-0.176910,0.000049
0.585639,1.080361,-4.331334,-0.155921,-0.083965,0.052993,0.000484
0.571619,0.546435,0.138973,0.290322,-0.005532,0.058445,0.000346
0.588676,0.442701,-0.632158,-0.170537,-0.397721,0.035104,0.000370
0.609125,0.519506,-0.635926,0.038844,-0.010568,0.062389,0.000505
0.890193,1.328706,0.628202,-0.017603,0.046577,0.052046,0.000183
0.501637,0.345283,-6.934332,0.658860,-0.148025,0.565536,0.000323
0.596190,0.712039,4.359264,-0.173156,-0.117228,0.086430,0.000137
0.614522,0.491985,0.728927,0.354780,-0.067800,0.058872,0.000174
0.596159,0.489103,-0.658939,-0.003506,-0.543644,0.048140,0.000448
0.607503,0.519798,-0.673933,0.063104,-0.002710,0.066379,0.000497
0.296844,0.661482,-0.281089,0.023496,0.028056,0.087780,0.000429
0.162908,0.361141,12.783400,-0.162085,-0.072348,-0.321205,0.000254
0.625598,1.271048,-2.917171,0.210193,0.112274,0.091422,0.000488
0.608113,0.503277,-0.785126,0.242715,-0.000255,0.072202,0.000498
0.625102,0.551903,-0.540026,0.195485,0.385903,0.095278,0.000476
0.603820,0.453299,-0.628929,0.055908,-0.070223,0.063490,0.000499
0.797626,0.302696,-0.373976,0.043547,0.224065,0.199481,0.000332
0.858605,0.654381,-1.218513,-0.057868,0.195455,0.305907,0.000339
0.563394,1.352580,-3.075022,0.138029,-0.055575,0.054602,0.000365
0.541678,0.547506,-1.554699,0.037896,0.032635,0.072356,0.000487
0.628284,0.456607,-0.585757,0.212890,-0.037622,0.077524,0.000488
0.610345,0.538598,-0.580973,0.026128,-0.104337,0.059215,0.000486
0.629259,0.870827,-0.360057,0.050221,-0.118663,0.343223,0.000342
0.392947,0.596451,-7.344771,0.075905,0.122521,0.221542,0.000391
0.623052,-0.209933,2.641899,-0.029679,-0.143498,0.047135,0.000167
0.576871,0.538473,-0.004128,0.187862,-0.037580,0.061136,0.000503
0.580935,0.549726,-0.655771,0.061138,-0.415339,0.045369,0.000446
0.612588,0.539532,-0.580692,0.051365,-0.060602,0.056063,0.000490
0.424815,0.766033,1.348155,0.037821,0.216443,0.103208,0.000317
0.542908,0.439611,-4.417126,0.112086,-0.028919,-0.093697,0.000053
0.626056,0.361901,-3.563958,-0.169294,0.240378,0.085568,0.000471
0.621744,0.504981,-0.300371,-0.007908,-0.043523,0.055768,0.000490
0.574546,0.538579,-0.599306,-0.052927,-0.514971,0.032822,0.000366
0.596049,0.448896,-0.663291,0.058348,-0.064972,0.064420,0.000494
0.774152,0.348567,0.497048,0.020538,0.234469,0.061562,0.000306
0.571938,0.533627,1.955555,0.000079,0.066781,0.018502,0.000346
0.596826,1.103223,-1.526620,-0.230204,-0.189849,0.059531,0.000478
0.601586,0.532959,-0.843708,-0.029586,0.003005,0.070496,0.000496
0.652173,0.425310,-0.651466,-0.054224,0.258441,0.119582,0.000386
0.587925,0.553790,-0.644557,0.051978,-0.070364,0.061459,0.000490
0.793416,0.402035,-0.914564,0.005609,0.012278,0.168537,0.000359
0.502184,0.620551,-12.633350,0.139305,0.032307,0.240721,0.000374
0.591064,0.773659,3.043358,-0.123131,-0.194383,0.076878,0.000112
0.595536,0.540246,-0.598299,0.446289,-0.018036,0.064789,0.000490
0.608979,0.578121,-0.650013,0.118909,0.134005,0.117858,0.000379
0.650846,0.595684,-0.617973,0.038497,-0.057498,0.054391,0.000485
0.440126,0.794018,0.369150,0.010250,-0.085546,0.176840,0.000374
0.429680,0.496742,-7.771947,0.082924,-0.001277,0.113175,0.000383
0.624352,0.392825,-0.525529,0.035900,-0.019055,0.061597,0.000499
0.596486,0.529576,-0.229312,-0.226428,-0.042038,0.053865,0.000494
0.575386,0.594403,-0.561251,-0.023403,-0.140201,-0.036158,0.000040
0.638231,0.408317,-0.594405,0.039962,-0.104618,0.063422,0.000496
0.504591,0.929069,0.836584,0.063704,0.210742,0.125416,0.000254
0.365072,0.453507,3.210881,-0.016782,0.144956,0.140775,0.000128
0.641836,0.280217,-2.677456,0.132984,0.101068,0.052850,0.000475
0.596310,0.507213,0.129731,0.076179,-0.026282,0.061414,0.000352
0.628536,0.400246,-0.713422,0.115649,-0.281659,0.090661,0.000445
0.607849,0.585466,-0.600138,0.049635,0.024842,0.059751,0.000486
0.729142,0.171322,-1.234620,0.041615,-0.019321,0.232302,0.000325
0.600765,0.745081,-2.611787,0.112187,0.034857,0.109880,0.000363
0.592852,0.891199,1.055544,0.019840,0.029652,0.065392,0.000307
0.588501,0.524891,0.112385,0.195066,-0.007247,0.065701,0.000387
0.599460,0.470511,-0.629659,0.092912,0.259666,0.121813,0.000371
0.587014,0.573809,-0.643237,0.049667,-0.147344,0.056516,0.000487
0.560207,0.896094,1.992334,-0.013271,-0.054763,0.253572,0.000167
0.609503,0.680721,-6.610815,0.081770,-0.006517,0.087222,0.000483
0.596477,-0.071587,-0.943147,-0.018011,-0.047832,0.061890,0.000389
0.593045,0.551573,-1.100949,-0.055396,-0.018699,0.061968,0.000490
0.592435,0.556436,-0.547911,-0.032513,0.103560,-0.012630,0.000044
0.618600,0.358389,-0.625739,0.037199,-0.031584,0.058337,0.000496
0.544771,0.876800,-1.650460,0.030165,0.279416,0.098396,0.000479
0.613994,0.520960,-6.277988,0.019564,-0.036116,0.054356,0.000497
0.623112,0.477862,-1.647536,0.013254,-0.040265,0.059606,0.000494
0.621472,0.489464,0.974955,0.005941,-0.044560,0.059250,0.000308
0.604752,0.534123,-0.579416,-0.089183,-0.188167,0.114712,0.000399
0.597368,0.529978,-0.598363,0.046241,0.016487,0.062948,0.000486
0.636838,-0.051395,-0.464188,0.038264,-0.165065,0.001729,0.000063
0.614596,0.423506,4.218364,-0.009688,-0.051298,0.040711,0.000108
0.626712,0.678251,0.388978,0.120608,0.009835,0.065098,0.000240
0.613913,0.468452,0.409048,0.438628,-0.049885,0.058530,0.000235
0.615178,0.470273,-0.670720,-0.033893,-0.163033,0.054163,0.000478
0.603408,0.564528,-0.602654,0.051199,-0.053745,0.061448,0.000492
0.590660,-0.220437,0.910788,0.025872,0.097198,0.096548,0.000264
0.611443,0.553180,-4.082692,0.020448,0.005157,0.049403,0.000479
0.600487,0.593607,0.172481,-0.054548,-0.035878,0.067013,0.000117
0.539424,0.551790,-1.735010,-0.201818,-0.019459,0.060422,0.000503
0.599269,0.488452,-0.626111,0.130777,0.151245,0.036314,0.000376
0.611181,0.493478,-0.662532,0.045668,-0.172834,0.059960,0.000489
0.566413,-0.114590,1.275442,0.009609,0.285707,0.333312,0.000374
0.612073,0.580935,-5.811422,0.044056,0.007503,0.079241,0.000489
0.625011,0.239987,-1.292915,0.110595,-0.036847,0.059644,0.000492
0.627401,0.593284,0.645428,-0.411851,-0.021224,0.064802,0.000139
0.605988,0.540241,-0.594678,-0.019037,-0.140593,0.065131,0.000493
0.607121,0.486168,-0.628151,0.040743,-0.056473,0.060067,0.000493
0.634045,2.204476,0.365996,0.012953,0.154217,0.044615,0.000302
0.610614,0.486045,-4.832488,0.030702,-0.070229,0.059071,0.000488
0.634190,0.859431,-1.381603,-0.017384,0.009258,0.061926,0.000494
0.573865,0.551305,1.659904,0.008661,-0.030707,0.060179,0.000306
0.611498,0.469765,-0.604498,-0.066385,-0.295502,0.077433,0.000457
0.606988,0.487094,-0.594695,0.042500,0.035146,0.062679,0.000491
0.604674,-1.899906,-0.643486,0.045578,-0.203330,0.081765,0.000375
0.609300,0.498979,0.535181,0.006138,0.052538,0.048530,0.000315
0.628254,-0.101033,-0.461087,-0.042964,-0.023633,0.063172,0.000398
0.590436,0.501077,-0.637061,0.445533,-0.009587,0.059142,0.000500
0.605448,0.482852,-0.643977,0.243676,0.181073,0.046867,0.000464
0.605267,0.544616,-0.627744,0.054266,-0.121749,0.060021,0.000488
0.554928,-1.155795,-0.257119,0.024915,0.593702,0.238903,0.000297
0.612783,0.535167,-9.693423,0.020337,-0.089633,0.062737,0.000495
0.597775,0.480857,-0.185784,0.061036,-0.022009,0.060850,0.000489
0.610879,0.526311,-1.572728,-0.452072,0.001503,0.068106,0.000498
0.604643,0.532125,-0.649548,-0.269338,0.034395,0.054870,0.000497
0.609704,0.500660,-0.611827,0.032797,-0.141243,0.057967,0.000479
0.584698,3.907157,1.473217,0.004187,-0.696381,0.056145,0.000337
0.616232,0.525253,-11.377173,0.033715,-0.097135,0.057370,0.000483
0.644268,0.825960,-0.929744,0.050294,-0.006610,0.061770,0.000489
0.570188,0.538142,-1.144768,-0.490933,-0.051712,0.056782,0.000503
0.607862,0.541819,-0.629695,-0.351072,-0.123000,0.063530,0.000495
0.606598,0.475808,-0.602519,0.054869,-0.022851,0.060654,0.000486
0.617645,0.575451,-2.737500,0.050888,-0.208246,0.212598,0.000363
0.614024,0.509007,15.820237,0.043777,0.094577,0.058245,0.000194
0.628896,0.522297,-0.790522,0.012137,-0.010650,0.062237,0.000495
0.553215,0.514502,0.594328,1.101377,0.009525,0.061885,0.000178
0.606224,0.522471,-0.628043,-0.084858,0.199575,0.054675,0.000482
0.605815,0.490593,-0.607869,0.060976,0.063308,0.062302,0.000481
0.572141,-1.160217,2.198195,0.060577,0.676223,0.097515,0.000167
0.609133,0.520806,-11.598272,0.009831,-0.101228,0.057118,0.000484
0.576628,0.319003,-0.069624,0.053036,-0.019399,0.061521,0.000500
0.642740,0.547808,-0.824824,-1.329058,-0.081018,0.064115,0.000491
0.604337,0.509680,-0.647978,0.238514,0.043013,0.062594,0.000493
0.607382,0.510402,-0.648177,0.043454,0.098371,0.063360,0.000488
0.558713,3.133533,0.974333,-0.010803,0.087791,0.207862,0.000177
0.613324,0.526585,-15.915472,0.015945,-0.042970,0.064082,0.000491
0.570358,0.267045,-0.696426,0.050442,-0.022183,0.061495,0.000501
0.578701,0.515555,0.245926,2.140329,0.035318,0.062714,0.000174
0.610736,0.531828,-0.643496,0.043546,-0.120302,0.053774,0.000489
0.610086,0.497567,-0.590507,0.039154,0.013012,0.061530,0.000500
0.631801,-0.831351,-0.472356,0.056552,-0.142858,0.130954,0.000334
0.614295,0.524560,-0.251091,0.042285,0.009522,0.066736,0.000497
0.637022,0.394207,-1.061159,0.045841,-0.018910,0.062549,0.000496
0.563511,0.516780,-0.328286,-2.005780,-0.084937,0.058440,0.000499
0.611403,0.541037,-0.639004,-0.379910,0.202698,0.065164,0.000488
0.601020,0.471775,-0.588888,0.046688,-0.241462,0.057072,0.000463
0.626449,1.061889,-0.453596,0.037682,-0.012623,0.241257,0.000348
0.612947,0.519886,-2.978086,0.009931,-0.073303,0.046170,0.000469
0.538327,0.559239,-0.730221,0.034964,-0.018884,0.061062,0.000505
0.598312,0.542048,-0.361706,-0.351063,-0.036973,0.062557,0.000494
0.600943,0.529823,-0.648611,-0.212504,-0.078451,0.067274,0.000487
0.613158,0.478329,-0.662246,0.051303,-0.083882,0.060738,0.000491
0.523181,1.585316,-0.429095,0.006740,0.235157,0.299489,0.000342
0.610113,0.517915,-7.297293,0.047656,-0.083507,0.057660,0.000500
0.501454,0.628076,-0.346266,0.033165,-0.017647,0.061691,0.000495
0.591185,0.550680,-0.119623,1.430741,0.039398,0.064213,0.000489
0.601500,0.520356,-0.652181,-0.060444,-0.178468,0.053547,0.000473
0.605508,0.544755,-0.612255,0.050520,0.058572,0.061317,0.000489
0.526144,0.870834,1.558819,0.033276,0.002272,0.252197,0.000266
0.607906,0.519755,1.399983,0.063164,0.012129,0.071170,0.000201
0.498260,0.496774,-0.478087,0.044315,-0.015103,0.061174,0.000496
0.571479,0.477546,-0.460156,-1.800816,-0.086344,0.060463,0.000498
0.612074,0.529332,-0.632212,-0.116967,0.357522,0.048988,0.000401
0.600668,0.508752,-0.607349,0.040938,0.024372,0.062026,0.000488
0.720900,-0.400192,-0.626215,0.041575,-0.133992,0.108146,0.000305
0.609635,0.517827,-1.987680,0.049090,-0.002245,0.063055,0.000492
0.715455,0.522770,-0.787116,0.040933,-0.018497,0.062986,0.000491
0.582154,0.607222,-0.889120,-1.161767,0.000632,0.060819,0.000487
0.601829,0.537081,-0.624468,-0.170726,-0.195507,0.065367,0.000488
0.609063,0.490674,-0.608266,0.050202,-0.064142,0.056170,0.000503
0.450575,1.571985,0.128991,0.022929,-0.170960,0.218791,0.000238
0.610332,0.519408,-9.748993,0.020616,-0.058312,0.055843,0.000498
0.478223,0.543477,-0.717917,0.029077,-0.016031,0.060281,0.000493
0.595902,0.493243,-0.354702,2.680994,0.024031,0.064035,0.000500
0.611247,0.516749,-0.645124,0.022682,-0.055193,0.056211,0.000497
0.609682,0.510108,-0.656099,0.045697,-0.065823,0.063161,0.000492
0.565539,-0.312312,0.015124,0.004823,0.246346,0.207190,0.000342
0.608997,0.519083,-7.255300,0.020972,-0.070262,0.062158,0.000500
0.363609,0.547341,-0.550242,0.049659,-0.007891,0.061045,0.000358
0.605168,0.515558,0.171486,-0.868248,-0.020719,0.060424,0.000152
0.603619,0.513297,-0.645184,0.004531,0.196899,0.051541,0.000425
0.609842,0.527866,-0.589615,0.044492,0.018782,0.060833,0.000483
0.705330,1.153114,0.233867,0.006289,0.019715,0.035335,0.000383
0.609659,0.518716,-1.049423,0.054379,-0.032258,0.061714,0.000491
0.359570,0.544561,-0.630114,0.020927,-0.009909,0.062926,0.000357
0.588330,0.558738,-0.090989,0.246261,-0.053488,0.061589,0.000490
0.605308,0.549801,-0.649741,-0.025531,0.247972,0.059945,0.000473
0.600523,0.458764,-0.573436,0.047908,-0.226638,0.059815,0.000462
0.551646,1.145349,1.210370,0.042629,0.021932,0.179631,0.000311
0.609537,0.518030,-3.909618,0.058791,-0.066595,0.062271,0.000498
0.622448,0.529010,-0.761683,0.031130,-0.012019,0.062633,0.000493
0.593810,0.500774,-0.212242,0.731064,0.013949,0.061890,0.000497
0.608326,0.553783,-0.643179,-0.425149,-0.261784,0.063672,0.000475
0.609140,0.562245,-0.625498,0.039412,0.019153,0.060879,0.000487
0.547608,-0.317080,1.076460,-0.008638,0.151263,0.076268,0.000176
0.610108,0.518475,-4.256723,0.043218,-0.080567,0.053983,0.000497
0.660845,0.566306,-0.777448,0.046076,-0.022803,0.061599,0.000495
0.569981,0.505014,-0.445028,0.616012,-0.033933,0.062441,0.000501
0.607537,0.516567,-0.640395,0.317367,0.239504,0.061244,0.000482
0.609525,0.486385,-0.652280,0.044395,0.011002,0.063904,0.000501
0.610815,-0.435250,-1.336550,0.020086,0.116254,0.001517,0.000122
0.608905,0.519024,-3.669413,0.032001,-0.044809,0.059324,0.000487
0.480259,0.546148,-0.475288,0.038958,-0.017822,0.060044,0.000489
0.581765,0.552289,-0.269145,-0.314155,-0.056109,0.061544,0.000493
0.604977,0.503090,-0.652603,0.068734,0.157266,0.048725,0.000449
0.607196,0.496797,-0.577494,0.053854,-0.223749,0.057443,0.000466
0.625296,2.115801,-2.584144,0.055014,0.051302,0.270992,0.000351
0.610526,0.519389,-3.269284,0.049788,-0.013274,0.061677,0.000489
0.561331,0.543646,-0.711188,0.028954,-0.011458,0.062496,0.000506
0.619853,0.570338,-0.649482,-0.303814,0.016552,0.061698,0.000490
0.603690,0.547750,-0.648361,-0.291102,-0.431970,0.047586,0.000453
0.533466,0.571437,-0.560155,0.005009,0.045019,0.067461,0.000496
0.613854,-0.662425,3.120140,0.022866,0.103654,0.018766,0.000151
0.513133,0.522541,-10.848999,0.028192,-0.114326,0.064041,0.000501
0.614079,0.502659,-0.845286,0.030884,-0.006710,0.063761,0.000496
0.546417,0.536231,-0.538052,0.216802,0.019213,0.061565,0.000502
0.613828,0.518498,-0.641658,-0.314949,-0.202036,0.063776,0.000477
0.604700,0.481726,-0.878351,0.018487,0.159034,0.066749,0.000480
0.531727,0.129256,-1.082530,0.001455,0.185086,0.128457,0.000340
0.484179,0.555934,-12.616675,0.015625,-0.125388,0.065186,0.000499
0.618401,0.501372,-0.617555,0.033025,-0.009430,0.061526,0.000500
0.565785,0.525947,0.159624,0.373667,-0.012629,0.062822,0.000198
0.603899,0.502459,-0.636940,0.317874,0.423171,0.068361,0.000448
0.638868,0.531655,-0.735432,0.046209,-0.085991,0.052768,0.000493
0.528517,1.366440,-1.060894,0.008324,0.133459,0.375320,0.000337
0.544498,0.545133,-1.466919,0.032354,-0.055783,0.059308,0.000502
0.511435,0.584325,-0.681798,0.039397,-0.014474,0.062497,0.000498
0.590929,0.550303,-0.259209,-0.293263,-0.072824,0.061985,0.000490
0.599700,0.509439,-0.641368,0.332265,0.673962,0.050137,0.000368
0.559862,0.561376,-0.500991,0.040629,-0.112890,0.079067,0.000485
0.629733,0.500354,2.219601,0.024869,-0.072624,0.183872,0.000285
0.604836,0.537304,5.224510,0.038409,0.058970,0.055945,0.000233
0.596369,0.513055,-0.759642,0.028190,-0.009982,0.062961,0.000501
0.565419,0.541737,-0.766326,0.295671,-0.069977,0.062327,0.000504
0.609064,0.550692,-0.643457,-0.723820,0.527155,0.044660,0.000380
0.534886,0.514483,-0.773475,0.025040,0.043948,0.051926,0.000463
0.561095,0.167419,0.757248,0.014003,0.270834,0.116666,0.000328
0.521646,0.543716,-1.553792,0.032664,-0.028537,0.067311,0.000504
0.607414,0.491842,-0.534359,0.025959,-0.008255,0.062266,0.000498
0.542726,0.537668,-1.063196,0.527485,-0.068208,0.062622,0.000498
0.607828,0.526691,-0.639283,-0.188346,-0.998127,0.066895,0.000448
0.644853,0.535722,-0.878275,0.036468,0.082129,0.064685,0.000492
0.527875,1.225297,-0.610749,0.029618,0.173997,0.152731,0.000361
0.527924,0.547554,-5.561046,0.023257,-0.061527,0.064949,0.000503
0.527741,0.540725,-0.608810,0.048233,-0.013115,0.062104,0.000496
0.597721,0.547688,-1.047607,0.202011,-0.048427,0.062490,0.000495
0.607549,0.519987,-0.639798,0.231217,0.601026,0.068024,0.000469
0.606138,0.526514,-0.512637,0.033867,-0.198146,0.070746,0.000473
0.602420,0.479028,-0.093719,0.009292,-0.075928,0.361043,0.000328
0.593918,0.541556,3.862224,0.037503,-0.008756,0.062198,0.000283
0.642460,0.546330,-0.778974,0.027936,-0.014027,0.062978,0.000490
0.569023,0.548732,-0.883282,0.004475,0.002280,0.062131,0.000491
0.607415,0.538896,-0.642927,0.059067,-0.003685,0.040514,0.000370
0.540779,0.535731,-0.813309,0.034042,0.007705,0.061510,0.000508
0.543993,0.421067,0.138983,0.021153,-0.096703,0.166230,0.000278
0.575683,0.542941,1.761075,0.040647,-0.013663,0.070860,0.000217
0.677502,0.526183,-0.759429,0.038210,-0.012823,0.062270,0.000491
0.539344,0.529341,-0.432757,0.038629,-0.053460,0.062845,0.000502
0.606479,0.532475,-0.636845,-0.625562,-0.353742,0.064583,0.000452
0.522223,0.545335,-0.930648,0.030655,0.114447,0.057739,0.000483
0.531956,0.681219,-1.362091,0.021810,0.082950,0.055066,0.000470
0.472984,0.531890,-4.681399,0.031517,0.006465,0.053149,0.000464
0.634354,0.540915,-0.724534,0.030026,0.026784,0.060954,0.000486
0.568834,0.536552,-0.934762,0.287081,-0.042940,0.061464,0.000492
0.587897,0.530479,-0.826189,0.324237,0.451171,0.063261,0.000474
0.545812,0.540138,-0.760501,0.031734,-0.237436,0.059124,0.000474
0.587140,0.628749,-1.093926,0.023134,0.062056,0.234817,0.000361
0.570653,0.543673,-1.945466,0.029891,-0.039884,0.052856,0.000491
0.412021,0.549093,-0.791896,0.025924,0.008482,0.060466,0.000409
0.575467,0.544457,-0.978010,0.208156,-0.059474,0.061689,0.000495
0.591248,0.537956,-0.926972,-0.178653,-0.017847,0.050009,0.000479
0.556755,0.536376,-0.656723,0.031633,0.344254,0.064735,0.000486
0.561458,0.605266,1.637068,0.005229,0.002708,0.336557,0.000212
0.590396,0.535067,0.650096,0.036671,-0.017991,0.068674,0.000272
0.565360,0.541804,-0.775652,0.027394,-0.035884,0.063863,0.000499
0.520472,0.542808,-0.584242,0.061013,0.036522,0.062325,0.000505
0.616609,0.533381,-0.677092,-0.207495,-0.162236,0.051687,0.000474
0.563154,0.546945,-0.687339,0.032672,0.013765,0.065574,0.000498
0.546900,0.706056,2.303986,0.021878,-0.002731,-0.003974,0.000143
0.553977,0.536383,-2.669911,0.030715,-0.015511,0.074591,0.000496
0.641212,0.537783,-0.737035,0.035666,0.015226,0.061151,0.000490
0.499451,0.528277,-0.642617,-0.067191,0.043671,0.061870,0.000504
0.529471,0.530238,-0.571403,-0.222079,0.153032,0.055890,0.000435
0.565062,0.538378,-0.770114,0.034711,-0.223386,0.064915,0.000473
0.544402,0.505395,-4.235183,0.037702,0.219013,0.309231,0.000326
0.515669,0.541581,-1.508162,0.034888,-0.009378,0.041505,0.000391
0.606258,0.532615,-0.669959,0.027064,0.002394,0.060571,0.000486
0.567742,0.544276,-0.809563,0.157349,0.037492,0.061848,0.000491
0.561981,0.535216,-0.957515,0.248842,0.003509,0.067740,0.000505
0.541703,0.542408,-0.837176,0.029906,0.294362,0.057721,0.000488
0.548691,0.441710,-0.634036,0.037066,-0.099403,0.042202,0.000444
0.526983,0.542002,0.006756,0.034581,0.003401,0.074595,0.000497
0.472680,0.544139,-0.742264,0.035572,-0.018505,0.064839,0.000501
0.497125,0.540235,-0.587468,0.124361,0.008535,0.062219,0.000505
0.567095,0.538646,-1.150946,0.517671,-0.079119,0.073834,0.000493
0.532704,0.546246,-0.677918,0.031479,0.037049,0.061156,0.000496
0.577115,0.743391,3.280024,-0.016379,0.242225,-0.022058,0.000127
0.540451,0.542390,-1.432856,0.032904,-0.034562,0.091098,0.000483
0.647418,0.542559,-0.919866,0.029311,-0.017152,0.057113,0.000487
0.545910,0.539607,-0.803311,-0.072763,0.010481,0.061447,0.000504
0.524061,0.533748,-1.057115,0.561203,0.053773,0.048790,0.000444
0.548256,0.535592,-0.746643,0.034190,-0.223961,0.065209,0.000479
0.588473,0.868671,-2.701887,0.073147,0.324563,0.436269,0.000327
0.534192,0.541513,-2.154333,0.032295,0.000828,0.063328,0.000504
0.747764,0.539245,-0.960937,0.032200,0.036061,0.070032,0.000485
0.533956,0.542148,-0.516699,0.090849,0.010354,0.062008,0.000496
0.580695,0.532950,-0.532448,-0.041652,-0.011547,0.074079,0.000493
0.553358,0.533730,-0.798500,0.035716,0.121324,0.064800,0.000485
0.503723,0.671325,-2.533631,0.093269,-0.093956,0.356218,0.000325
0.527132,0.542766,0.975214,0.034986,0.007096,0.051604,0.000284
0.739757,0.541014,-0.258119,0.029518,-0.031333,0.071061,0.000484
0.514512,0.537145,-0.443337,0.046739,0.014747,0.062059,0.000503
0.541746,0.538520,-0.757333,-0.124939,-0.027301,0.066151,0.000495
0.563007,0.551809,-0.720254,0.030313,0.172494,0.054471,0.000462
0.583064,0.459710,-0.446555,-0.013751,-0.178387,-0.206247,0.000048
0.526698,0.543453,-2.069478,0.032526,-0.000163,0.075171,0.000486
0.554590,0.543131,-1.168402,0.031103,-0.025929,0.065490,0.000488
0.545237,0.539595,-0.948630,0.041877,0.043229,0.061860,0.000492
0.537780,0.532524,-0.987959,0.390228,0.008708,0.057171,0.000498
0.544500,0.549875,-0.798546,0.032450,-0.219542,0.066631,0.000481
0.561346,0.710182,1.813833,-0.052876,0.253990,0.696153,0.000227
0.538295,0.530438,-2.401672,0.031597,-0.028046,0.069410,0.000500
0.428321,0.540975,-0.792473,0.031662,-0.000359,0.058224,0.000381
0.522407,0.541072,-0.778535,0.033966,0.034335,0.062061,0.000504
0.562993,0.532562,-0.944539,0.505144,0.027154,0.066295,0.000492
0.534315,0.511572,-0.804103,0.027970,0.081022,0.069452,0.000503
0.551639,0.660817,-1.922639,0.077375,0.136970,0.536086,0.000320
0.515903,0.538549,1.817389,0.037312,0.013712,0.061972,0.000214
0.528250,0.535976,-0.545532,0.035962,0.005650,0.059364,0.000501
0.524371,0.535759,-0.692935,0.032149,0.000084,0.062257,0.000506
0.572032,0.540880,-0.778352,0.253897,0.004663,0.069688,0.000499
0.587342,0.518610,-0.634482,0.030973,0.075113,0.053128,0.000493
0.541545,0.596908,-0.766278,0.013152,0.031796,-0.562205,0.000048
0.546517,0.550461,-2.033533,0.025878,-0.026569,0.057930,0.000502
0.617500,0.545100,-0.678738,0.033528,0.005411,0.067176,0.000498
0.536490,0.532536,-0.779948,0.034808,-0.013540,0.061228,0.000504
0.549863,0.527813,-0.991119,-0.341213,-0.005764,0.063639,0.000506
0.610638,0.559702,-0.900902,0.035594,-0.047801,0.057319,0.000488
0.578098,0.714599,0.317017,-0.017657,0.069440,-0.539204,0.000067
0.542650,0.536087,-1.593111,0.045540,-0.010611,0.062316,0.000504
0.525906,0.534350,-0.922249,0.028674,0.004001,0.062828,0.000503
0.546783,0.537287,-0.853655,0.032113,0.035889,0.061615,0.000497
0.531055,0.527012,-0.919944,-0.695285,-0.002200,0.058105,0.000498
0.494444,0.554287,-0.676296,0.029792,-0.033021,0.074686,0.000495
0.555923,0.690037,-0.166247,0.106700,0.256892,1.033466,0.000321
0.496841,0.540253,-0.179228,0.021125,-0.035902,0.067931,0.000499
0.541093,0.542393,-0.592948,0.027159,-0.000945,0.058594,0.000500
0.505587,0.536246,-0.570956,0.033750,0.019095,0.062200,0.000505
0.533582,0.531882,-0.700909,-0.449550,0.003847,0.059284,0.000504
0.567189,0.541714,-0.787332,0.030787,0.059321,0.050010,0.000463
0.562300,0.438285,-0.087583,-0.033397,0.058567,0.800708,0.000324
0.579491,0.538025,-0.900447,0.029941,0.036289,0.059526,0.000492
0.572720,0.541107,-0.470016,0.039064,-0.011754,0.063913,0.000490
0.536198,0.535077,-0.891474,0.033924,-0.037652,0.062620,0.000503
0.558348,0.538103,-0.972037,-0.130322,-0.001830,0.068038,0.000488
0.598301,0.531920,-0.829810,0.037170,-0.038765,0.048994,0.000480
0.543277,0.632119,-0.762294,0.084586,0.045777,-1.306623,0.000048
0.548249,0.536065,-1.364411,0.042265,-0.019875,0.073112,0.000495
0.523246,0.541143,-0.617600,0.027113,0.019293,0.065074,0.000506
0.537153,0.534915,-0.754576,0.032862,0.004722,0.061012,0.000503
0.562743,0.538101,-1.148519,0.118255,-0.005320,0.068354,0.000498
0.497298,0.537380,-0.767847,0.026827,-0.009864,0.059886,0.000492
0.587474,0.783048,1.333161,0.042344,0.142366,1.670541,0.000441
0.517677,0.545442,-0.876510,0.025683,-0.055426,0.066668,0.000502
0.547851,0.540691,-1.026761,0.034326,-0.014454,0.059127,0.000501
0.535557,0.536748,-0.589584,0.033716,0.029792,0.060969,0.000502
0.540314,0.521008,-0.462301,-0.067758,0.007424,0.060139,0.000503
0.620845,0.549000,-0.733321,0.026873,0.014707,0.069340,0.000493
0.554343,0.697332,1.465721,-0.050310,0.128069,1.026633,0.000186
0.540211,0.534770,-1.041356,0.023689,0.013073,0.057613,0.000500
0.560323,0.539927,-0.823591,0.033092,-0.007408,0.061195,0.000502
0.524814,0.537127,-0.944385,0.032619,0.016243,0.064237,0.000499
0.542730,0.526349,-0.822686,-0.554912,-0.005670,0.056657,0.000501
0.598695,0.531626,-0.733388,0.036383,-0.006520,0.057090,0.000504
0.529319,0.456407,-0.511731,0.020082,-0.023441,-2.225042,0.000048
0.551390,0.539938,-1.187651,0.033402,0.020404,0.064978,0.000490
0.533166,0.532763,-0.585244,0.032081,0.008543,0.063591,0.000505
0.547599,0.535229,-0.706130,0.034156,-0.005584,0.061046,0.000498
0.545709,0.544281,-1.133389,0.267621,-0.005019,0.075018,0.000492
0.521984,0.529611,-0.797152,0.032745,-0.003765,0.062285,0.000508
0.560310,0.585890,-0.749588,0.062247,0.266519,-2.125713,0.000048
0.536518,0.546100,-1.174284,0.039039,-0.092992,0.066975,0.000501
0.575511,0.535697,-1.017342,0.029947,-0.007882,0.063951,0.000503
0.523923,0.535324,-0.567644,0.032716,0.001649,0.061471,0.000502
0.548993,0.531492,-0.699991,0.268624,-0.000963,0.059174,0.000500
0.549715,0.553189,-0.684026,0.030187,-0.000295,0.064417,0.000494
0.577352,0.818702,1.695658,0.053918,-0.031982,1.597833,0.000328
0.517751,0.539630,-1.477708,0.033029,-0.045863,0.067637,0.000501
0.570797,0.543353,-0.786805,0.029616,0.005296,0.062390,0.000502
0.515420,0.536337,-0.896914,0.032265,0.010322,0.062720,0.000505
0.545263,0.526706,-0.984508,-0.869680,0.016396,0.057439,0.000495
0.573715,0.554039,-0.685862,0.033934,-0.008395,0.064282,0.000502
0.537210,0.734984,2.966731,0.000637,-0.001066,-0.752983,0.000049
0.522989,0.535575,-1.513881,0.029607,0.089219,0.057627,0.000488
0.498019,0.546263,-0.614960,0.034189,-0.000697,0.060590,0.000498
0.536919,0.535051,-1.022359,0.034028,0.000108,0.061007,0.000503
0.547917,0.529251,-1.101947,0.189435,0.013702,0.061489,0.000507
0.552096,0.530732,-0.927663,0.033345,-0.005602,0.062005,0.000491
0.557529,0.606539,-1.941426,-0.007912,0.247209,0.095422,0.000478
0.549426,0.542030,-0.734721,0.040825,-0.036246,0.070848,0.000500
0.488653,0.536321,-0.640504,0.029933,0.004571,0.062172,0.000505
0.552946,0.535115,-0.387938,0.034282,0.005388,0.062008,0.000489
0.541752,0.532705,-1.036914,0.606810,0.005286,0.063925,0.000506
0.538311,0.537272,-0.709466,0.030643,-0.005871,0.060480,0.000509
0.598440,0.708113,0.823866,0.038966,0.074657,0.697399,0.000262
0.526385,0.544073,-1.396974,0.038144,-0.053530,0.065145,0.000504
0.561463,0.540045,-0.964525,0.032570,-0.016172,0.062909,0.000490
0.513437,0.536778,-0.465558,0.034389,0.006309,0.062754,0.000500
0.544775,0.537135,-0.938341,0.090970,0.012755,0.064277,0.000501
0.539690,0.542911,-0.581517,0.026647,-0.013312,0.060439,0.000504
0.565832,0.699333,0.646626,0.050956,-0.061518,-0.255302,0.000066
0.525284,0.541581,-1.744023,0.016845,-0.012471,0.056281,0.000494
0.564158,0.544578,-0.661397,0.030724,-0.012605,0.058083,0.000502
0.538919,0.538046,-1.107167,0.029083,-0.025010,0.061795,0.000508
0.535500,0.537130,-0.839558,-0.240923,-0.001679,0.056336,0.000500
0.569927,0.545394,-0.789978,0.029782,-0.004260,0.061489,0.000493
0.520896,0.433281,-1.860276,0.019778,0.322031,-0.464807,0.000048
0.531838,0.536317,-1.329847,0.043572,-0.007767,0.061485,0.000502
0.516419,0.543172,-0.539568,0.027853,0.003642,0.061995,0.000504
0.553325,0.537703,-1.286446,0.027755,-0.025403,0.059508,0.000502
0.549438,0.528359,-0.727001,0.527835,0.016474,0.054638,0.000493
0.560478,0.546414,-0.745658,0.031774,-0.004801,0.060875,0.000493
0.586760,0.922226,-0.914110,0.000906,0.192615,0.532374,0.000324
0.525780,0.538698,-0.674021,0.033527,-0.038773,0.069256,0.000499
0.554771,0.534368,-0.707191,0.030333,-0.001177,0.062018,0.000505
0.522535,0.537558,-1.101719,0.035045,-0.013427,0.060166,0.000501
0.554570,0.534236,-1.242063,0.254739,0.001601,0.065588,0.000493
0.554113,0.531115,-0.666296,0.029995,-0.019372,0.060163,0.000503
0.536954,1.036601,0.526285,0.049591,0.076127,0.668511,0.000330
0.528711,0.543760,-1.689877,0.022487,0.000176,0.068143,0.000500
0.565303,0.542852,-0.814896,0.031336,-0.017844,0.060648,0.000492
0.538428,0.537916,-0.955119,0.028800,-0.001807,0.062708,0.000501
0.532909,0.539701,-1.039883,-0.009410,0.011267,0.065101,0.000491
0.531230,0.532410,-0.786134,0.027480,-0.011527,0.063082,0.000501
0.561812,0.931914,-0.338934,0.040528,0.068472,-1.083932,0.000048
0.529106,0.539704,-1.541258,0.024926,-0.028072,0.053496,0.000491
0.520051,0.545173,-0.640388,0.027147,-0.026734,0.061257,0.000506
0.548596,0.537978,-0.869600,0.027262,-0.041929,0.061332,0.000501
0.539775,0.538131,-0.298637,-0.018541,-0.007544,0.054596,0.000494
0.561123,0.550376,-0.711544,0.032005,0.004118,0.059804,0.000495
0.577641,0.640063,-0.518193,-0.026217,0.116000,1.337722,0.000324
0.531208,0.536948,-1.274213,0.041460,-0.040373,0.060715,0.000501
0.529594,0.538024,-0.715313,0.030589,0.020167,0.063448,0.000502
0.539808,0.538006,-0.781233,0.026431,-0.030826,0.059856,0.000502
0.549400,0.523444,-0.107485,0.313062,-0.008177,0.069864,0.000497
0.566543,0.534132,-0.662945,0.033542,-0.002912,0.063290,0.000490
0.568733,0.508496,0.598880,-0.021331,0.189199,0.007700,0.000116
0.526883,0.539547,-1.304643,0.024953,0.019954,0.077065,0.000491
0.563226,0.536267,-0.753979,0.029827,-0.042039,0.062515,0.000496
0.531468,0.537696,-1.212260,0.028175,0.001368,0.062635,0.000501
0.550692,0.540960,-0.444817,0.168455,0.005951,0.071362,0.000483
0.512998,0.539927,-0.717233,0.025728,-0.015996,0.060653,0.000498
0.522060,0.887725,-0.516238,0.053691,-0.079780,-0.569870,0.000048
0.527203,0.539367,-1.391866,0.030198,0.012730,0.037461,0.000360
0.545940,0.541876,-0.688905,0.029371,0.031881,0.058864,0.000503
0.538759,0.537323,-0.976566,0.030667,-0.018972,0.062532,0.000501
0.539133,0.536368,-2.109264,-0.063336,-0.007882,0.031513,0.000371
0.576650,0.549093,-0.725289,0.029191,-0.014135,0.059506,0.000490
0.522043,0.362477,-0.138790,0.054312,0.078198,0.332106,0.000326
0.539624,0.536036,-1.721206,0.038407,-0.105896,0.097120,0.000462
0.554955,0.538335,-0.703619,0.029538,0.005706,0.060020,0.000492
0.543163,0.537944,-0.976780,0.030783,-0.019283,0.057901,0.000498
0.540416,0.521398,-1.121321,0.147143,0.024138,0.100633,0.000360
0.513808,0.549483,-0.715790,0.031370,-0.003470,0.066432,0.000496
0.625094,0.767436,0.387346,-0.040083,0.068950,0.637154,0.000156
0.529918,0.536670,0.096989,0.028309,-0.026935,0.120134,0.000297
0.552299,0.543986,-0.724131,0.029103,-0.014719,0.061688,0.000505
0.535439,0.537945,-0.789109,0.028919,-0.011466,0.063497,0.000503
0.545677,0.527404,0.090705,0.203708,0.035955,0.109931,0.000335
0.584286,0.529043,-0.693655,0.031686,-0.008545,0.064568,0.000493
0.505750,0.895932,0.705174,-0.004861,0.229074,-0.469133,0.000049
0.528857,0.542169,-1.190788,0.029504,0.025074,0.115253,0.000360
0.542702,0.545659,-0.718119,0.030517,-0.008006,0.062051,0.000504
0.535509,0.537961,-0.701577,0.028604,-0.016019,0.064795,0.000494
0.549611,0.550449,-0.722506,-0.117010,0.031707,0.062481,0.000501
0.565909,0.537004,-0.723433,0.027582,-0.010660,0.055429,0.000499
0.527595,0.161215,0.200091,0.040502,0.185781,1.038249,0.000276
0.534516,0.538614,-1.886691,0.033425,0.001795,-0.061984,0.000034
0.542380,0.533782,-0.703957,0.031052,-0.006195,0.062683,0.000501
0.540123,0.537169,-1.340918,0.031088,-0.034258,0.055475,0.000494
0.529274,0.555845,-1.450885,0.342158,-0.001484,0.032519,0.000363
0.539626,0.542975,-0.707600,0.027485,-0.006320,0.057543,0.000501
0.577901,-0.051872,-0.590923,0.059545,0.086118,-0.071154,0.000040
0.529984,0.537308,-0.762264,0.032878,-0.018855,0.059165,0.000504
0.550994,0.543051,-0.719807,0.029019,-0.008139,0.059389,0.000507
0.540606,0.536931,-0.841599,0.031276,0.000668,0.058532,0.000498
0.528351,0.535008,-0.205428,-0.163103,-0.007077,0.104822,0.000359
0.544850,0.537333,-0.701162,0.030433,-0.007657,0.070029,0.000498
0.599970,1.620281,0.469484,-0.005696,-0.070635,-0.524352,0.000048
0.530545,0.544350,-0.039367,0.030983,-0.021125,0.146958,0.000355
0.548670,0.539155,-0.728065,0.029905,-0.007784,0.058996,0.000504
0.538636,0.538222,-0.868913,0.027207,0.001720,0.063918,0.000501
0.549726,0.516693,-0.724539,-0.102405,0.023216,0.090266,0.000480
0.559574,0.544418,-0.719115,0.031962,-0.007207,0.061723,0.000503
0.545470,0.861428,0.752645,0.019292,0.098183,1.522614,0.000272
0.528425,0.546446,-2.734280,0.031643,-0.008143,-0.023635,0.000033
0.545714,0.541304,-0.717067,0.029862,-0.006907,0.059494,0.000501
0.537531,0.537001,-0.738290,0.031636,-0.016825,0.062620,0.000501
0.548237,0.550937,-1.298688,0.274363,0.013869,0.021275,0.000339
0.543885,0.537342,-0.699663,0.029017,-0.009573,0.056731,0.000497
0.516268,0.045507,0.816443,0.028359,0.195245,-2.106751,0.000053
0.519644,0.537768,-0.376877,0.032066,-0.006891,-0.039488,0.000047
0.541256,0.544509,-0.696844,0.029552,-0.006927,0.060415,0.000502
0.539915,0.537968,-0.632013,0.031195,-0.027477,0.059626,0.000501
0.536932,0.531299,-0.397323,0.250351,-0.005233,0.063796,0.000499
0.560823,0.534929,-0.702213,0.029013,-0.007504,0.066671,0.000504
0.602320,1.018002,-1.893180,0.033588,-0.025054,2.141926,0.000331
0.527954,0.533676,-0.728440,0.029717,-0.016228,0.136089,0.000357
0.540736,0.532404,-0.727311,0.030522,-0.006924,0.059986,0.000503
0.537388,0.538198,-0.922867,0.029145,-0.018029,0.058808,0.000502
0.545847,0.530131,-0.474985,-0.143773,0.014899,0.081821,0.000489
0.565957,0.538996,-0.707242,0.031941,-0.008881,0.066834,0.000504
0.521287,0.584777,1.583697,-0.003577,-0.033461,0.251462,0.000309
0.539233,0.541943,-1.634155,0.033339,-0.038315,0.138869,0.000362
0.542952,0.537509,-0.721026,0.031128,-0.005470,0.059075,0.000502
0.536667,0.537690,-1.058508,0.029027,0.001285,0.060883,0.000501
0.553868,0.536427,-1.020649,0.193964,-0.003510,0.059720,0.000494
0.547170,0.544743,-0.713333,0.029291,-0.008730,0.051050,0.000475
0.573829,0.354080,0.204953,0.000696,0.262566,-1.185409,0.000049
0.516297,0.539924,-0.586299,0.033328,-0.001082,-0.107981,0.000057
0.552202,0.542795,-0.696853,0.029652,-0.006692,0.060810,0.000494
0.536965,0.537383,-0.780038,0.029970,-0.048019,0.061707,0.000503
0.536884,0.536381,-1.248276,0.102004,0.010224,0.048546,0.000451
0.549023,0.538032,-0.716940,0.027887,-0.013457,0.070077,0.000497
0.572927,1.010152,-0.164679,0.025911,0.030525,0.412571,0.000323
0.529834,0.538135,-1.249010,0.029381,0.007680,-0.223059,0.000048
0.552196,0.545435,-0.687130,0.029238,-0.008202,0.061072,0.000506
0.540004,0.537321,-0.562906,0.031241,-0.020975,0.060555,0.000508
0.533259,0.531806,-0.752371,-0.003728,0.004383,0.076921,0.000497
0.548146,0.534902,-0.703510,0.028021,-0.005246,0.067720,0.000499
0.544984,0.970832,-0.417261,0.015991,0.172117,0.720226,0.000349
0.543818,0.542668,-1.517819,0.033226,-0.063505,0.121900,0.000360
0.545762,0.532177,-0.713966,0.030014,-0.004458,0.058826,0.000503
0.540582,0.538444,-1.028756,0.027669,0.001081,0.062249,0.000499
0.553613,0.530185,-0.619064,0.335122,-0.004082,0.058815,0.000502
0.554481,0.545625,-0.700688,0.029375,-0.012307,0.051581,0.000471
0.540052,0.197369,-0.345949,0.023150,0.112637,-0.333626,0.000048
0.546729,0.536571,-0.094307,0.034474,-0.012309,0.181332,0.000354
0.537175,0.545819,-0.737149,0.030190,-0.004760,0.060045,0.000503
0.536361,0.537710,-0.926180,0.030935,0.009882,0.062012,0.000493
0.542297,0.535720,-0.883080,0.454055,-0.012223,0.052500,0.000493
0.559939,0.536623,-0.713001,0.030085,-0.008960,0.064152,0.000501
0.567701,0.133891,0.007117,0.017903,0.126897,-0.229492,0.000048
0.536312,0.545325,0.212285,0.029617,0.005541,-0.021702,0.000179
0.561406,0.541197,-0.691001,0.028560,-0.012598,0.060354,0.000492
0.537162,0.537024,-0.501040,0.030172,-0.013491,0.060784,0.000502
0.539323,0.533432,-1.091619,-0.140869,-0.001281,0.075334,0.000494
0.553864,0.533830,-0.716776,0.028799,-0.005774,0.063373,0.000503
0.554599,1.545614,-0.380227,0.023275,0.085785,0.319244,0.000373
0.519147,0.537199,-2.378560,0.030780,0.002994,0.097034,0.000492
0.557488,0.534111,-0.701880,0.030691,-0.005615,0.060651,0.000492
0.542069,0.538642,-1.421823,0.029650,-0.013250,0.060025,0.000508
0.545529,0.535088,-1.145152,-0.322533,0.009167,0.041088,0.000358
0.553158,0.553235,-0.705889,0.031414,-0.011730,0.061941,0.000494
0.564833,-0.227872,-0.492302,0.031064,0.045366,0.543982,0.000327
0.538645,0.535489,-2.918346,0.034185,-0.024185,0.088865,0.000482
0.538509,0.538296,-0.743123,0.031192,-0.004647,0.059629,0.000504
0.535795,0.538542,-1.663226,0.030624,-0.026586,0.062360,0.000504
0.545061,0.533158,-0.346012,0.640114,-0.010580,0.073645,0.000498
0.559588,0.534504,-0.712754,0.031096,-0.008843,0.060874,0.000492
0.548045,-0.165269,1.816021,0.018322,0.111102,0.088209,0.000242
0.520862,0.550121,-2.239978,0.031862,-0.030847,0.030150,0.000371
0.536063,0.543708,-0.686633,0.027980,-0.006793,0.059621,0.000499
0.535500,0.535301,-0.640086,0.030486,0.008257,0.060700,0.000505
0.544675,0.531583,-1.280148,0.002792,-0.002973,0.052785,0.000487
0.543496,0.542945,-0.711961,0.027912,-0.007358,0.061337,0.000505
0.551249,1.406626,-2.935570,0.015133,0.080057,0.079905,0.000492
0.545094,0.552226,-0.602780,0.031600,-0.003957,0.050490,0.000461
0.543525,0.541637,-0.683528,0.032769,-0.009461,0.060680,0.000495
0.538578,0.537916,-0.994890,0.028259,0.003116,0.061255,0.000501
0.536262,0.539445,-1.620452,-0.077636,0.010557,0.068477,0.000496
0.559231,0.541028,-0.708497,0.032633,-0.007825,0.063148,0.000493
0.589178,1.334657,-1.835709,0.029363,0.104882,0.181302,0.000364
0.549153,0.532524,-0.322182,0.030576,0.002500,0.105149,0.000359
0.548400,0.537238,-0.730969,0.033108,-0.003537,0.060331,0.000504
0.540498,0.538706,-0.945387,0.030627,-0.051070,0.061732,0.000496
0.555348,0.528597,-0.220310,0.387288,-0.006171,0.057509,0.000500
0.556989,0.543741,-0.709267,0.026722,-0.011983,0.061267,0.000502
0.507792,-0.017808,3.700827,0.028257,0.180878,0.183523,0.000280
0.508330,0.537233,-0.992184,0.031071,-0.038588,0.108558,0.000348
0.538045,0.546197,-0.720736,0.028061,-0.004801,0.059460,0.000502
0.537588,0.536906,-0.706601,0.031194,0.003171,0.061725,0.000502
0.551532,0.531627,-0.834878,0.347911,0.007825,0.056419,0.000495
0.557733,0.537663,-0.710124,0.028696,-0.003279,0.061577,0.000505
0.588232,0.390229,-2.315092,0.023654,0.001419,0.193680,0.000376
0.508926,0.546315,-1.858943,0.032362,0.013508,0.056985,0.000494
0.557567,0.533605,-0.701019,0.029626,-0.012440,0.058968,0.000500
0.538243,0.536498,-0.913407,0.027044,-0.025497,0.059693,0.000502
0.543353,0.530300,-1.116234,0.238256,0.004988,0.068351,0.000497
0.554129,0.534138,-0.711231,0.030393,-0.005051,0.060044,0.000508
0.541889,1.530704,2.499701,0.000066,0.211369,0.001495,0.000080
0.543742,0.538334,-0.237177,0.032199,0.011896,0.033675,0.000368
0.551458,0.541381,-0.718763,0.030785,-0.007359,0.059162,0.000502
0.539300,0.537523,-0.838228,0.027909,-0.031888,0.059048,0.000501
0.537671,0.534080,-0.579703,-0.182131,0.006668,0.054439,0.000493
0.544998,0.542584,-0.711586,0.030061,-0.015053,0.062613,0.000504
0.527777,0.214246,-1.980423,0.030767,0.306640,0.502812,0.000317
0.519028,0.537967,-1.687306,0.029158,-0.033653,0.064501,0.000496
0.527659,0.548610,-0.715315,0.029099,-0.004304,0.060623,0.000498
0.538719,0.538826,-0.829427,0.031341,0.008368,0.061842,0.000507
0.549063,0.533177,-0.509831,0.185629,0.000620,0.063546,0.000507
0.553028,0.547000,-0.706934,0.029509,-0.010272,0.059872,0.000503
0.549358,0.271778,2.984613,0.016379,-0.221734,-0.116030,0.000078
0.506019,0.542985,-1.846103,0.033082,-0.014874,0.080184,0.000490
0.566072,0.548603,-0.715361,0.029916,-0.006276,0.060643,0.000489
0.538477,0.535261,-1.126603,0.029335,-0.011331,0.060861,0.000505
0.541623,0.530619,-0.839560,0.107134,-0.003728,0.066489,0.000501
0.557507,0.528674,-0.709594,0.030735,-0.006268,0.059930,0.000500
0.559124,1.630153,-4.424752,0.000213,0.052865,0.103576,0.000363
0.526883,0.543877,0.531122,0.032505,0.000706,0.030992,0.000236
0.529096,0.535987,-0.706996,0.030802,-0.009431,0.059721,0.000504
0.538381,0.538415,-0.608977,0.029671,-0.021505,0.061768,0.000502
0.538547,0.535000,-0.893835,-0.002587,0.011061,0.057394,0.000498
0.547141,0.552294,-0.713283,0.029613,-0.010527,0.061349,0.000503
0.548866,-0.605011,0.130105,0.031781,0.354997,0.270173,0.000220
0.547521,0.536919,-1.053314,0.029820,-0.000860,0.070890,0.000499
0.542173,0.542225,-0.717152,0.029543,-0.006034,0.058829,0.000503
0.538575,0.537730,-1.231481,0.030955,-0.024104,0.062053,0.000494
0.537397,0.529094,-1.044607,0.126930,0.006837,0.059731,0.000501
0.554749,0.531655,-0.710935,0.029250,-0.009153,0.062295,0.000501
0.555875,-0.741377,1.993189,0.038321,0.294292,0.241674,0.000232
0.538373,0.538331,-1.965148,0.032567,-0.035535,0.075283,0.000496
0.542907,0.541701,-0.711187,0.029011,-0.007945,0.060190,0.000504
0.538236,0.537161,-1.032404,0.031396,-0.011436,0.059709,0.000500
0.540080,0.536570,-1.079132,0.090469,-0.014134,0.063104,0.000502
0.540118,0.545668,-0.708339,0.031490,-0.008439,0.062056,0.000495
0.553821,2.820472,-3.134567,0.013517,0.151917,0.190908,0.000364
0.522748,0.538732,-0.789257,0.032605,0.005921,0.069389,0.000498
0.550499,0.543035,-0.723165,0.028817,-0.007753,0.060236,0.000503
0.538400,0.538531,-0.783739,0.028371,-0.004907,0.061135,0.000501
0.542104,0.533950,-0.613522,-0.027118,0.032258,0.061369,0.000507
0.550687,0.540340,-0.710255,0.031851,-0.009412,0.060904,0.000496
0.572282,0.310906,4.406321,0.001259,-0.126412,0.139512,0.000444
0.514523,0.544790,-1.408156,0.029372,0.004853,0.064257,0.000505
0.543827,0.533381,-0.706136,0.030539,-0.005281,0.059999,0.000507
0.538912,0.536601,-0.603309,0.029475,-0.001470,0.061641,0.000504
0.546816,0.530294,-0.661390,0.283258,0.043567,0.060209,0.000497
0.554930,0.537580,-0.710592,0.030724,-0.008293,0.061792,0.000499
0.576395,-0.811948,-1.168915,0.046680,0.015959,0.179984,0.000310
0.532745,0.539960,-1.050263,0.027929,-0.003600,0.055310,0.000495
0.541605,0.550035,-0.721945,0.029814,-0.008524,0.059769,0.000502
0.539110,0.537332,-0.831938,0.030581,-0.034882,0.061794,0.000499
0.538870,0.527741,-0.799111,0.074264,-0.042509,0.060702,0.000503
0.565424,0.545226,-0.709422,0.028252,-0.006816,0.061803,0.000506
0.556691,-0.693871,-2.339489,0.039003,0.367161,0.040265,0.000395
0.511668,0.538747,-0.826522,0.034497,0.002802,0.068908,0.000490
0.553706,0.552141,-0.712513,0.029378,-0.009022,0.060240,0.000493
0.538486,0.538896,-0.993839,0.030999,-0.017938,0.061613,0.000500
0.540077,0.529381,-1.276837,0.063729,-0.026675,0.062255,0.000500
0.536298,0.539968,-0.710884,0.031638,-0.012517,0.060723,0.000503
0.554733,0.364771,-0.219204,0.008730,0.307569,0.273685,0.000323
0.518872,0.545543,-0.791195,0.025877,0.005199,0.064469,0.000496
0.554199,0.528172,-0.715326,0.030083,-0.008332,0.059132,0.000504
0.538786,0.535841,-1.095421,0.027502,-0.002859,0.060019,0.000505
0.541785,0.541348,-0.649413,0.123675,0.055857,0.061092,0.000493
0.531555,0.542757,-0.710842,0.032639,-0.012324,0.062341,0.000507
0.553723,1.271011,1.203868,0.018527,-0.151321,0.106588,0.000236
0.548388,0.533631,-0.818144,0.032920,-0.007174,0.054899,0.000477
0.521012,0.557568,-0.721130,0.030012,-0.004792,0.060366,0.000504
0.538229,0.536679,-0.755264,0.031321,-0.007054,0.061929,0.000501
0.550768,0.540094,-1.001846,0.092434,0.093533,0.059772,0.000502
0.568314,0.544457,-0.710643,0.024853,-0.001442,0.062026,0.000507
0.550836,-0.303595,-0.821543,0.045596,0.270307,-0.007586,0.000044
0.531957,0.532122,-1.084588,0.034334,0.007863,0.062300,0.000494
0.571181,0.521306,-0.717414,0.029157,-0.011217,0.060173,0.000494
0.538823,0.537917,-1.123641,0.032402,-0.023688,0.060908,0.000509
0.529952,0.535050,-0.840064,0.192201,0.001847,0.061953,0.000509
0.531207,0.542944,-0.709899,0.032586,0.003684,0.060735,0.000500
0.538583,0.292714,-1.705856,0.019627,0.158295,0.000517,0.000083
